{
  "v_losses": [
    -817.8368530273438,
    -824.697265625,
    -1015.5011596679688,
    -855.2062377929688,
    -949.79248046875,
    -850.2122192382812,
    -920.2637939453125,
    -1074.48095703125,
    -1002.2081909179688,
    -975.5347900390625,
    -1131.7479248046875,
    -962.4578857421875,
    -989.0331420898438,
    -1033.824462890625,
    -1045.4281005859375,
    -919.6243896484375,
    -916.5718383789062,
    -1042.0126953125,
    -877.4137573242188,
    -1029.665283203125,
    -1024.9566650390625,
    -1078.2823486328125,
    -973.7894897460938,
    -999.2476806640625,
    -1019.9476318359375,
    -1176.68994140625,
    -911.3649291992188,
    -880.798828125,
    -1064.727783203125,
    -1041.6500244140625,
    -955.2400512695312,
    -1117.0750732421875,
    -1064.517578125,
    -907.2418212890625,
    -1109.6446533203125,
    -970.5516967773438,
    -999.4545288085938,
    -1014.3641967773438,
    -891.0123291015625,
    -913.8120727539062,
    -1020.0899658203125,
    -1071.943603515625,
    -1018.0950317382812,
    -943.0372314453125,
    -991.0172119140625,
    -1111.4169921875,
    -1017.4893188476562,
    -992.6067504882812,
    -1072.1314697265625,
    -1019.7227172851562
  ],
  "flow_losses": [
    -799.4366455078125,
    -836.7022705078125,
    -814.8226928710938,
    -1005.9403076171875,
    -943.4017944335938,
    -969.7518920898438,
    -920.60791015625,
    -1097.9659423828125,
    -932.1439208984375,
    -903.2979125976562,
    -945.8746948242188,
    -907.7281494140625,
    -1012.2979125976562,
    -904.7012939453125,
    -1017.31298828125,
    -1092.750244140625,
    -975.71240234375,
    -915.576171875,
    -1009.921875,
    -1117.760009765625,
    -844.1505737304688,
    -902.769775390625,
    -1049.9381103515625,
    -1033.267822265625,
    -1020.060546875,
    -990.2158813476562,
    -1032.2308349609375,
    -1016.5955200195312,
    -958.216796875,
    -1035.5255126953125,
    -1081.423095703125,
    -921.4973754882812,
    -909.7586669921875,
    -929.1798095703125,
    -1062.3751220703125,
    -1017.314697265625,
    -926.3739013671875,
    -1070.7596435546875,
    -1038.349365234375,
    -1069.0904541015625,
    -958.698486328125,
    -936.4903564453125,
    -900.8504028320312,
    -985.549560546875,
    -876.7583618164062,
    -1058.1925048828125,
    -1151.5714111328125,
    -1098.227294921875,
    -1067.39501953125,
    -1033.1470947265625
  ],
  "v_grads": [
    845.62255859375,
    2729.3310546875,
    2112.805419921875,
    1828.8778076171875,
    1519.130615234375,
    1666.626953125,
    2476.766357421875,
    988.2294921875,
    730.636962890625,
    1870.5286865234375,
    2761.73583984375,
    667.789794921875,
    1462.6385498046875,
    578.492431640625,
    1286.7099609375,
    768.9662475585938,
    677.5523071289062,
    645.9802856445312,
    1096.628173828125,
    786.8057861328125,
    635.0831909179688,
    615.1431274414062,
    1225.1968994140625,
    771.7349853515625,
    1465.2589111328125,
    790.0780029296875,
    556.8516845703125,
    752.81298828125,
    750.6549682617188,
    1008.5706176757812,
    901.4590454101562,
    784.2610473632812,
    965.40478515625,
    829.9667358398438,
    695.3750610351562,
    1686.856201171875,
    708.3593139648438,
    885.9701538085938,
    523.4933471679688,
    639.9894409179688,
    472.0718688964844,
    581.8154296875,
    489.59088134765625,
    1655.983154296875,
    773.0000610351562,
    1311.9920654296875,
    536.3068237304688,
    1169.23876953125,
    527.9452514648438,
    593.4052124023438
  ],
  "flow_grads": [
    0.0,
    0.0,
    0.0,
    0.0,
    0.0,
    0.0,
    0.0,
    0.0,
    0.0,
    0.0,
    0.0,
    0.0,
    0.0,
    0.0,
    0.0,
    0.0,
    0.0,
    0.0,
    0.0,
    0.0,
    0.0,
    0.0,
    0.0,
    0.0,
    0.0,
    0.0,
    0.0,
    0.0,
    0.0,
    0.0,
    0.0,
    0.0,
    0.0,
    0.0,
    0.0,
    0.0,
    0.0,
    0.0,
    0.0,
    0.0,
    0.0,
    0.0,
    0.0,
    0.0,
    0.0,
    0.0,
    0.0,
    0.0,
    0.0,
    0.0
  ],
  "times": [],
  "logps_pflow": [],
  "v_squared_norm": [
    1646.534471875,
    1643.3616321875,
    1488.37788078125,
    1649.43631078125,
    1858.75571703125,
    1882.4724290625,
    1730.625824375,
    1967.394046875,
    1986.1168628125,
    2131.9890071875,
    1885.470443046875,
    1814.838188984375,
    1950.07122234375,
    1996.80291671875,
    1969.077748984375,
    2043.2612221875,
    1933.22849625,
    2136.09561875,
    1917.53208953125,
    2321.188418984375,
    2078.724727265625,
    1849.8016065625,
    1930.90850171875,
    2044.65756421875,
    1791.332570078125,
    1978.253517734375,
    1915.5416868359375,
    1839.895568671875,
    2039.831698359375,
    1989.30085671875,
    1815.701413125,
    1963.371237578125,
    1992.04385515625,
    1821.685412734375,
    2001.721757109375,
    2048.795070390625,
    1853.285818203125,
    1877.71172609375,
    1953.617232578125,
    2087.7783870117187,
    2063.776071015625,
    1981.2541165625,
    1925.346635703125,
    1954.14702609375,
    2117.179249921875,
    1856.411504140625,
    1997.744230703125,
    1967.570302734375,
    1931.7641910546874,
    2015.950343203125
  ],
  "partial_t_v_squared_norm": []
}