{
  "v_losses": [
    -10.167520523071289,
    -9.736164093017578,
    -9.730070114135742,
    -9.929048538208008,
    -9.851318359375,
    -10.073809623718262,
    -10.369491577148438,
    -10.174430847167969,
    -9.98204517364502,
    -9.837299346923828,
    -10.283327102661133,
    -9.852421760559082,
    -9.934822082519531,
    -10.579201698303223,
    -10.697961807250977,
    -9.873598098754883,
    -9.935525894165039,
    -10.67016315460205,
    -10.223809242248535,
    -10.191827774047852,
    -10.338850021362305,
    -10.396201133728027,
    -10.404695510864258,
    -10.34538459777832,
    -10.603276252746582,
    -10.355823516845703,
    -9.864797592163086,
    -9.663436889648438,
    -10.220645904541016,
    -9.691726684570312,
    -10.200359344482422,
    -9.949906349182129,
    -9.860380172729492,
    -9.963885307312012,
    -10.215821266174316,
    -9.897945404052734,
    -9.996133804321289,
    -9.752293586730957,
    -10.404130935668945,
    -10.076980590820312,
    -10.112836837768555,
    -10.361021041870117,
    -10.184182167053223,
    -10.797771453857422,
    -10.185598373413086,
    -9.976788520812988,
    -10.180601119995117,
    -10.292396545410156,
    -10.455705642700195,
    -10.212653160095215,
    -10.52562141418457,
    -10.415861129760742,
    -10.169014930725098,
    -9.834887504577637,
    -10.04843521118164,
    -10.313859939575195,
    -10.260677337646484,
    -9.913825988769531,
    -10.057186126708984,
    -9.673641204833984,
    -9.852717399597168,
    -10.027251243591309,
    -10.499713897705078,
    -10.432908058166504,
    -10.338380813598633,
    -10.175055503845215,
    -10.294952392578125,
    -10.689054489135742,
    -10.21676254272461,
    -10.522233009338379,
    -10.171124458312988,
    -10.222312927246094,
    -10.167731285095215,
    -10.521069526672363,
    -10.269014358520508,
    -9.957657814025879,
    -9.795804023742676,
    -9.843672752380371,
    -10.28353214263916,
    -10.370692253112793,
    -10.176613807678223,
    -10.05583381652832,
    -10.261682510375977,
    -10.146134376525879,
    -10.373845100402832,
    -10.117283821105957,
    -9.850688934326172,
    -10.640914916992188,
    -10.73510456085205,
    -9.71584701538086,
    -10.00842571258545,
    -9.918798446655273,
    -10.3673095703125,
    -10.115224838256836,
    -10.100943565368652,
    -9.805335998535156,
    -10.14557933807373,
    -10.224478721618652,
    -10.386149406433105,
    -10.610824584960938
  ],
  "flow_losses": [
    -9.921339988708496,
    -10.111458778381348,
    -9.74470329284668,
    -10.019454002380371,
    -9.757599830627441,
    -9.56926441192627,
    -10.309303283691406,
    -9.978238105773926,
    -10.477120399475098,
    -9.875563621520996,
    -10.317770004272461,
    -9.865211486816406,
    -10.223397254943848,
    -10.083691596984863,
    -9.640923500061035,
    -10.130345344543457,
    -10.7384672164917,
    -9.922433853149414,
    -9.764327049255371,
    -10.148611068725586,
    -9.908082008361816,
    -10.514570236206055,
    -10.075546264648438,
    -10.11763858795166,
    -10.387250900268555,
    -10.02225112915039,
    -10.531516075134277,
    -10.224732398986816,
    -10.181134223937988,
    -10.038651466369629,
    -10.414244651794434,
    -10.319241523742676,
    -9.831341743469238,
    -9.866521835327148,
    -10.482927322387695,
    -10.563157081604004,
    -9.541779518127441,
    -9.920947074890137,
    -10.746431350708008,
    -10.05783748626709,
    -10.255144119262695,
    -9.915644645690918,
    -9.781362533569336,
    -10.01926326751709,
    -9.75787353515625,
    -11.000101089477539,
    -9.595617294311523,
    -10.132735252380371,
    -10.137157440185547,
    -10.134185791015625,
    -9.202293395996094,
    -10.460636138916016,
    -9.636270523071289,
    -10.302194595336914,
    -9.98563289642334,
    -10.381511688232422,
    -10.828414916992188,
    -10.496225357055664,
    -10.003952980041504,
    -10.221396446228027,
    -10.561087608337402,
    -9.92746639251709,
    -10.362186431884766,
    -10.535299301147461,
    -10.448723793029785,
    -9.94456958770752,
    -10.11434268951416,
    -10.184670448303223,
    -10.265030860900879,
    -10.26347541809082,
    -9.936323165893555,
    -10.4384765625,
    -10.354987144470215,
    -10.495606422424316,
    -9.568056106567383,
    -9.907886505126953,
    -9.78709602355957,
    -9.770599365234375,
    -10.553507804870605,
    -10.341410636901855,
    -9.75648307800293,
    -9.71422290802002,
    -10.543898582458496,
    -10.181070327758789,
    -9.51053237915039,
    -10.122576713562012,
    -9.94245433807373,
    -10.374922752380371,
    -10.3725004196167,
    -10.295913696289062,
    -10.61910629272461,
    -10.111940383911133,
    -10.31773853302002,
    -9.884628295898438,
    -10.610270500183105,
    -10.31747055053711,
    -10.703890800476074,
    -9.970183372497559,
    -9.693251609802246,
    -10.615076065063477
  ],
  "v_grads": [
    6.616694927215576,
    5.5443572998046875,
    8.9518461227417,
    8.17703628540039,
    5.287018299102783,
    5.121341228485107,
    3.617236852645874,
    3.8992085456848145,
    8.596159934997559,
    6.732738494873047,
    4.406947612762451,
    4.9708051681518555,
    4.342570781707764,
    4.108811855316162,
    3.32491397857666,
    4.565910816192627,
    4.565751552581787,
    6.213703632354736,
    4.4744391441345215,
    2.3056509494781494,
    4.227413654327393,
    2.1421000957489014,
    4.62075138092041,
    3.746652126312256,
    4.843259334564209,
    6.038692474365234,
    2.6671369075775146,
    3.594921350479126,
    3.3828930854797363,
    5.0392937660217285,
    4.598730564117432,
    2.9083759784698486,
    4.290450572967529,
    3.9896390438079834,
    3.4698264598846436,
    2.910752058029175,
    3.5293829441070557,
    2.306405782699585,
    1.7241528034210205,
    3.232710599899292,
    2.520320415496826,
    3.9590835571289062,
    3.509225845336914,
    4.444664478302002,
    3.6377155780792236,
    4.328246593475342,
    3.179380416870117,
    3.4426844120025635,
    2.9563984870910645,
    2.247720718383789,
    5.10949182510376,
    2.3679466247558594,
    4.2814860343933105,
    2.9626431465148926,
    3.8307154178619385,
    3.2426390647888184,
    4.577104568481445,
    5.682368755340576,
    3.071007490158081,
    5.872192859649658,
    3.9301397800445557,
    4.907055377960205,
    2.818688154220581,
    5.520384788513184,
    5.6512041091918945,
    4.681457996368408,
    2.184447765350342,
    2.278883457183838,
    3.9848766326904297,
    3.4476113319396973,
    2.763495683670044,
    3.080286741256714,
    4.631969928741455,
    3.426018238067627,
    4.669871807098389,
    4.106452941894531,
    3.318059206008911,
    6.324023246765137,
    3.653775930404663,
    4.717618465423584,
    3.61462140083313,
    5.721726894378662,
    2.6364047527313232,
    3.42362642288208,
    3.5050997734069824,
    4.957487106323242,
    6.5439534187316895,
    2.580331802368164,
    3.6470565795898438,
    2.4580938816070557,
    2.036933183670044,
    3.455517530441284,
    4.076505184173584,
    3.2670555114746094,
    5.741950035095215,
    2.522427558898926,
    3.6713879108428955,
    2.746792793273926,
    3.1372995376586914,
    3.594822406768799
  ],