{
  "v_losses": [
    -8.13026237487793,
    -9.141731262207031,
    -9.116873741149902,
    -10.391566276550293,
    -9.905265808105469,
    -9.841718673706055,
    -9.447919845581055,
    -10.115726470947266,
    -9.259560585021973,
    -9.398569107055664,
    -8.569725036621094,
    -8.495539665222168,
    -9.115342140197754,
    -7.418848991394043,
    -9.17300033569336,
    -9.228050231933594,
    -10.343255996704102,
    -9.073845863342285,
    -9.77236270904541,
    -9.026122093200684,
    -9.796630859375,
    -7.5973615646362305,
    -9.889631271362305,
    -9.367531776428223,
    -8.942078590393066,
    -9.229537963867188,
    -10.193133354187012,
    -9.085506439208984,
    -9.127431869506836,
    -8.261239051818848,
    -8.063657760620117,
    -9.058818817138672,
    -9.357154846191406,
    -8.739328384399414,
    -9.228323936462402,
    -8.788174629211426,
    -9.176555633544922,
    -9.288050651550293,
    -8.971027374267578,
    -10.005814552307129,
    -9.29291820526123,
    -10.352542877197266,
    -9.308865547180176,
    -8.890822410583496,
    -8.16278076171875,
    -8.976221084594727,
    -9.162103652954102,
    -8.67908763885498,
    -9.330344200134277,
    -9.569330215454102
  ],
  "flow_losses": [
    -9.996150970458984,
    -10.291264533996582,
    -9.212217330932617,
    -10.371872901916504,
    -10.35855770111084,
    -7.72683048248291,
    -9.337175369262695,
    -8.058236122131348,
    -8.81622314453125,
    -9.228686332702637,
    -9.32541275024414,
    -9.031978607177734,
    -9.76430606842041,
    -9.780779838562012,
    -9.903034210205078,
    -9.124378204345703,
    -9.119135856628418,
    -8.369546890258789,
    -9.617133140563965,
    -9.108122825622559,
    -8.543598175048828,
    -9.694111824035645,
    -9.702680587768555,
    -10.548491477966309,
    -8.771492958068848,
    -10.227005958557129,
    -9.238962173461914,
    -9.104447364807129,
    -9.590906143188477,
    -9.097747802734375,
    -8.996879577636719,
    -9.027965545654297,
    -8.31515121459961,
    -8.304213523864746,
    -9.48193073272705,
    -8.305314064025879,
    -9.482928276062012,
    -8.863361358642578,
    -8.862504959106445,
    -7.7601799964904785,
    -9.295873641967773,
    -8.56506633758545,
    -9.525912284851074,
    -10.738021850585938,
    -8.961080551147461,
    -9.395711898803711,
    -10.291029930114746,
    -10.123955726623535,
    -9.276749610900879,
    -9.707099914550781
  ],
  "v_grads": [
    15.824875831604004,
    8.473021507263184,
    3.604363203048706,
    6.264413833618164,
    6.051582336425781,
    5.855535984039307,
    3.4721317291259766,
    5.438101768493652,
    4.257129669189453,
    5.59487771987915,
    4.353355884552002,
    6.674188137054443,
    6.697727203369141,
    7.740723133087158,
    5.369906902313232,
    5.738462924957275,
    6.038611888885498,
    7.018369674682617,
    5.0537333488464355,
    8.181958198547363,
    6.511882781982422,
    7.507135391235352,
    6.631422996520996,
    5.234408378601074,
    4.1776628494262695,
    3.5889694690704346,
    6.014022350311279,
    7.264001369476318,
    5.921562194824219,
    5.028287410736084,
    3.284137725830078,
    4.956689834594727,
    4.671234607696533,
    4.321269512176514,
    5.470425605773926,
    4.288966178894043,
    5.420834064483643,
    4.26308536529541,
    3.1610944271087646,
    5.337465763092041,
    8.055643081665039,
    5.451625823974609,
    4.669525623321533,
    2.429095983505249,
    5.685615539550781,
    5.542468547821045,
    4.22611665725708,
    9.0628080368042,
    6.838260650634766,
    9.79808235168457
  ],
  "flow_grads": [
    7.01954460144043,
    8.382946014404297,
    4.81795072555542,
    6.04862117767334,
    7.979307651519775,
    6.2650532722473145,
    7.056616306304932,
    6.004729747772217,
    7.16948938369751,
    5.852257251739502,
    5.780409812927246,
    5.273915767669678,
    4.7387919425964355,
    4.637823104858398,
    7.150022983551025,
    6.261753082275391,
    6.52066707611084,
    7.781033515930176,
    6.543947219848633,
    5.858699321746826,
    6.153104305267334,
    6.626450061798096,
    6.026891231536865,
    6.185319423675537,
    5.759174346923828,
    6.4750189781188965,
    7.12588357925415,
    7.040814399719238,
    6.968513488769531,
    6.376659870147705,
    6.528107166290283,
    6.459352493286133,
    7.786645412445068,
    6.780697345733643,
    5.048811912536621,
    4.961370944976807,
    6.181090831756592,
    5.346859931945801,
    6.5482096672058105,
    6.294864654541016,
    5.746618270874023,
    5.161607265472412,
    6.317183017730713,
    5.667015075683594,
    6.1532063484191895,
    5.538722038269043,
    6.755446434020996,
    7.667454719543457,
    7.4335126876831055,
    7.064515113830566
  ],
  "times": [],
  "logps_pflow": [],
  "v_squared_norm": [
    16.969425338134766,
    19.689589365234376,
    18.172176591796877,
    20.061941177978515,
    20.371784791259767,
    19.801509514160156,
    19.449456452636717,
    20.28454690917969,
    18.836991433105467,
    18.86686275878906,
    18.434250009765623,
    17.697454946289064,
    19.921693940429687,
    16.382481142578126,
    18.081978369140625,
    18.143989077148436,
    19.816766430664064,
    17.51428010253906,
    17.6802380859375,
    19.144443369140625,
    18.15021240722656,
    17.015641083984374,
    18.639697958984375,
    18.730638256835938,
    17.018488935546873,
    18.190363325195314,
    18.869352060546873,
    16.42946056640625,
    19.085580366210937,
    17.269774150390624,
    17.48040703125,
    18.327486020507813,
    19.00049330566406,
    18.949555727539064,
    18.321205903320312,
    18.09633134765625,
    18.312240532226564,
    18.73963993652344,
    19.297589116210936,
    17.995286474609376,
    18.704727084960936,
    18.836711049804688,
    18.2553776171875,
    18.450040112304688,
    19.517911325683595,
    18.356841982421876,
    18.285248295898437,
    19.184654594726563,
    18.268278330078125,
    19.668646411132812
  ],
  "partial_t_v_squared_norm": []
}