{
  "v_losses": [
    -10.131455421447754,
    -12.122297286987305,
    -11.92151927947998,
    -12.46975326538086,
    -10.861050605773926,
    -11.142905235290527,
    -11.76433277130127,
    -12.2584867477417,
    -11.738862991333008,
    -10.716365814208984,
    -10.409294128417969,
    -11.783238410949707,
    -10.594596862792969,
    -10.892348289489746,
    -11.238776206970215,
    -13.15102481842041,
    -10.983415603637695,
    -10.334041595458984,
    -12.075386047363281,
    -11.392613410949707,
    -11.055657386779785,
    -11.024435997009277,
    -11.606118202209473,
    -11.909285545349121,
    -12.672196388244629,
    -10.80147933959961,
    -11.677555084228516,
    -12.876555442810059,
    -11.243086814880371,
    -11.990705490112305,
    -10.877531051635742,
    -12.338170051574707,
    -12.395705223083496,
    -12.782145500183105,
    -11.430246353149414,
    -11.824313163757324,
    -11.883404731750488,
    -11.262123107910156,
    -12.45113468170166,
    -9.611472129821777,
    -11.601622581481934,
    -12.681539535522461,
    -10.822758674621582,
    -11.38986587524414,
    -11.789701461791992,
    -12.003052711486816,
    -12.061196327209473,
    -10.57630729675293,
    -12.58789348602295,
    -11.349377632141113
  ],
  "flow_losses": [
    -9.871659278869629,
    -12.993183135986328,
    -11.258447647094727,
    -11.81711196899414,
    -11.323456764221191,
    -11.76653003692627,
    -11.014938354492188,
    -11.93007755279541,
    -10.344269752502441,
    -11.3900785446167,
    -11.67215347290039,
    -11.155677795410156,
    -10.62850570678711,
    -12.177435874938965,
    -10.79444408416748,
    -11.44288158416748,
    -12.746648788452148,
    -12.755279541015625,
    -11.725059509277344,
    -10.782838821411133,
    -11.887662887573242,
    -11.203463554382324,
    -11.127131462097168,
    -12.685574531555176,
    -11.585074424743652,
    -11.149701118469238,
    -11.13718032836914,
    -11.631412506103516,
    -11.491621017456055,
    -10.904760360717773,
    -10.894543647766113,
    -11.264873504638672,
    -10.943025588989258,
    -11.052071571350098,
    -11.671871185302734,
    -11.221856117248535,
    -11.546215057373047,
    -11.230310440063477,
    -11.748292922973633,
    -11.754476547241211,
    -12.05574893951416,
    -10.820040702819824,
    -10.60921573638916,
    -12.703160285949707,
    -12.15386962890625,
    -11.86383056640625,
    -12.509017944335938,
    -11.889370918273926,
    -11.52315902709961,
    -11.797940254211426
  ],
  "v_grads": [
    12.12595272064209,
    6.875194072723389,
    7.087472915649414,
    7.690408229827881,
    5.883756160736084,
    7.585540771484375,
    6.702601432800293,
    4.725778579711914,
    4.794404029846191,
    3.3394975662231445,
    7.317963123321533,
    4.498337268829346,
    3.4609766006469727,
    7.124139785766602,
    5.373775482177734,
    7.8761186599731445,
    5.634575366973877,
    7.531985282897949,
    4.113236427307129,
    3.7810187339782715,
    5.010860919952393,
    4.339791774749756,
    4.554191589355469,
    4.5883684158325195,
    6.128078460693359,
    3.731222152709961,
    5.645421028137207,
    3.753455400466919,
    4.196919918060303,
    3.1302523612976074,
    3.742659330368042,
    4.292082786560059,
    5.553070068359375,
    6.988140106201172,
    3.241543769836426,
    5.9424004554748535,
    2.4035451412200928,
    2.440004587173462,
    4.682322025299072,
    5.7252702713012695,
    5.889336585998535,
    7.002435684204102,
    6.332455158233643,
    3.648043394088745,
    3.8410496711730957,
    3.912062168121338,
    4.261952877044678,
    5.034975051879883,
    4.1467695236206055,
    3.3444063663482666
  ],
  "flow_grads": [
    0.0,
    0.0,
    0.0,
    0.0,
    0.0,
    0.0,
    0.0,
    0.0,
    0.0,
    0.0,
    0.0,
    0.0,
    0.0,
    0.0,
    0.0,
    0.0,
    0.0,
    0.0,
    0.0,
    0.0,
    0.0,
    0.0,
    0.0,
    0.0,
    0.0,
    0.0,
    0.0,
    0.0,
    0.0,
    0.0,
    0.0,
    0.0,
    0.0,
    0.0,
    0.0,
    0.0,
    0.0,
    0.0,
    0.0,
    0.0,
    0.0,
    0.0,
    0.0,
    0.0,
    0.0,
    0.0,
    0.0,
    0.0,
    0.0,
    0.0
  ],
  "times": [],
  "logps_pflow": [],
  "v_squared_norm": [
    19.706389423828124,
    23.744152604980467,
    24.17806545288086,
    23.592263038330078,
    22.80937224243164,
    21.675911540527345,
    24.986274510498045,
    24.677508937988282,
    23.697569260253907,
    20.55867139343262,
    22.140843088378908,
    22.180349389038085,
    21.476721568603516,
    22.07243532470703,
    22.92663544921875,
    23.798228874511718,
    23.17382078125,
    22.072275380249025,
    23.868126372680663,
    22.74590600769043,
    23.136860880432128,
    22.629224638061523,
    22.16865866760254,
    20.967626036376952,
    23.295942135620116,
    22.190992218017577,
    21.964754447021484,
    23.77878981628418,
    23.79441389038086,
    22.434023735351563,
    21.418500842285155,
    23.654432756347656,
    23.465460750732422,
    23.163471716308592,
    22.633674743041993,
    24.665757797851562,
    23.43285054992676,
    22.856447107543946,
    23.33196546386719,
    22.9657863381958,
    23.616940272369384,
    22.83545349914551,
    21.476362349243164,
    21.847662607879638,
    23.95520129272461,
    24.044889376220702,
    23.902464533996582,
    22.841638783569337,
    24.9132553125,
    22.65951665649414
  ],
  "partial_t_v_squared_norm": []
}