{
  "v_losses": [
    -8.769537925720215,
    -9.980416297912598,
    -9.964068412780762,
    -8.633807182312012,
    -10.304899215698242,
    -10.29548454284668,
    -9.530920028686523,
    -8.216136932373047,
    -10.877584457397461,
    -10.13261890411377,
    -9.67507266998291,
    -9.155746459960938,
    -9.53416633605957,
    -9.404271125793457,
    -11.086166381835938,
    -9.553466796875,
    -10.31631851196289,
    -9.696170806884766,
    -10.188244819641113,
    -10.002418518066406,
    -9.923530578613281,
    -10.478791236877441,
    -10.169991493225098,
    -9.763973236083984,
    -10.244817733764648,
    -9.947371482849121,
    -10.701626777648926,
    -10.524063110351562,
    -9.99842357635498,
    -10.058752059936523,
    -9.223930358886719,
    -10.187350273132324,
    -10.04484748840332,
    -8.997037887573242,
    -10.763436317443848,
    -10.14555835723877,
    -10.50255298614502,
    -9.935484886169434,
    -10.890937805175781,
    -9.622851371765137,
    -10.841984748840332,
    -11.347416877746582,
    -10.173202514648438,
    -9.844063758850098,
    -10.599064826965332,
    -10.269584655761719,
    -9.997779846191406,
    -10.375443458557129,
    -9.438088417053223,
    -9.917034149169922,
    -10.929301261901855,
    -10.583183288574219,
    -11.50511360168457,
    -9.428805351257324,
    -9.912123680114746,
    -9.999332427978516,
    -9.243946075439453,
    -10.278072357177734,
    -10.358611106872559,
    -10.687920570373535,
    -11.342223167419434,
    -10.2504301071167,
    -9.7384614944458,
    -9.636756896972656,
    -9.60357666015625,
    -9.741227149963379,
    -10.363944053649902,
    -9.935821533203125,
    -10.080733299255371,
    -10.510517120361328,
    -10.73421573638916,
    -9.548731803894043,
    -11.056279182434082,
    -9.62778091430664,
    -10.115034103393555,
    -10.718334197998047,
    -9.353899955749512,
    -9.533506393432617,
    -11.136777877807617,
    -10.181413650512695,
    -11.400289535522461,
    -9.58963394165039,
    -9.812077522277832,
    -11.15351676940918,
    -10.182191848754883,
    -9.207599639892578,
    -10.767051696777344,
    -10.01201057434082,
    -10.168807029724121,
    -10.693554878234863,
    -9.599504470825195,
    -10.034577369689941,
    -9.990775108337402,
    -9.196187019348145,
    -10.114398956298828,
    -10.15221881866455,
    -10.43278980255127,
    -9.498212814331055,
    -10.531333923339844,
    -8.439838409423828
  ],
  "flow_losses": [
    -10.007044792175293,
    -9.460807800292969,
    -10.116033554077148,
    -11.001697540283203,
    -9.616129875183105,
    -10.192305564880371,
    -9.990193367004395,
    -10.280373573303223,
    -9.678729057312012,
    -10.83288860321045,
    -10.147564888000488,
    -10.389010429382324,
    -9.184035301208496,
    -8.821598052978516,
    -9.608086585998535,
    -10.336019515991211,
    -10.33338451385498,
    -9.436078071594238,
    -9.68182373046875,
    -10.961004257202148,
    -9.574252128601074,
    -9.964472770690918,
    -9.489323616027832,
    -11.264973640441895,
    -8.869562149047852,
    -9.984106063842773,
    -10.377405166625977,
    -11.132018089294434,
    -9.913883209228516,
    -10.429044723510742,
    -10.52291488647461,
    -9.628654479980469,
    -10.251411437988281,
    -8.120875358581543,
    -11.017989158630371,
    -10.015191078186035,
    -10.483269691467285,
    -10.318770408630371,
    -9.359222412109375,
    -10.08963680267334,
    -10.60908031463623,
    -9.193854331970215,
    -9.649221420288086,
    -10.177186965942383,
    -10.773109436035156,
    -9.502593040466309,
    -10.66237735748291,
    -10.117986679077148,
    -10.310117721557617,
    -10.799339294433594,
    -9.439031600952148,
    -10.23417854309082,
    -9.706599235534668,
    -9.488494873046875,
    -10.174697875976562,
    -9.575857162475586,
    -10.432453155517578,
    -10.411192893981934,
    -11.587146759033203,
    -10.046727180480957,
    -8.863444328308105,
    -9.626423835754395,
    -10.158111572265625,
    -10.432701110839844,
    -10.02836799621582,
    -9.42600154876709,
    -10.057043075561523,
    -9.6271390914917,
    -9.346210479736328,
    -10.54647159576416,
    -9.829880714416504,
    -9.928539276123047,
    -9.578629493713379,
    -10.261738777160645,
    -10.984600067138672,
    -10.327133178710938,
    -9.025789260864258,
    -11.88947582244873,
    -10.881078720092773,
    -10.071257591247559,
    -9.777121543884277,
    -10.457269668579102,
    -9.53735637664795,
    -9.517251014709473,
    -9.762054443359375,
    -10.142109870910645,
    -10.099479675292969,
    -11.039765357971191,
    -10.234244346618652,
    -10.917797088623047,
    -9.728727340698242,
    -9.255074501037598,
    -10.072900772094727,
    -9.328387260437012,
    -9.881617546081543,
    -9.448073387145996,
    -9.156000137329102,
    -8.936617851257324,
    -11.086315155029297,
    -11.051766395568848
  ],
  "v_grads": [
    12.550369262695312,
    13.254399299621582,
    14.651004791259766,
    5.046676158905029,
    7.219936370849609,
    5.702134132385254,
    6.369435787200928,
    9.04600715637207,
    6.77694034576416,
    9.150583267211914,
    8.373268127441406,
    3.4884634017944336,
    5.850521564483643,
    8.608641624450684,
    6.795905590057373,
    6.733009338378906,
    3.9873251914978027,
    7.039278030395508,
    8.501899719238281,
    6.369532108306885,
    5.659503936767578,
    5.944979667663574,
    3.547879695892334,
    5.949130058288574,
    7.669884204864502,
    2.5458760261535645,
    5.897188186645508,
    5.501219749450684,
    7.291816711425781,
    4.471103191375732,
    5.65297269821167,
    3.7442374229431152,
    5.148874759674072,
    5.310914993286133,
    5.581733226776123,
    4.42311429977417,
    6.306865692138672,
    7.010441303253174,
    4.507358551025391,
    4.614600658416748,
    4.819573879241943,
    7.9939799308776855,
    5.395363807678223,
    5.575124263763428,
    6.411433219909668,
    5.505463123321533,
    6.094478130340576,
    5.061849117279053,
    4.428743362426758,
    4.1378092765808105,
    6.571112632751465,
    5.908778190612793,
    5.627756595611572,
    6.482902526855469,
    4.0638885498046875,
    5.635328769683838,
    5.679385185241699,
    5.148303031921387,
    6.406374931335449,
    6.264007568359375,
    5.767627239227295,
    3.513608694076538,
    3.8698842525482178,
    4.595251083374023,
    6.709727764129639,
    3.9655215740203857,
    6.534340858459473,
    5.937863349914551,
    4.994327068328857,
    5.914355278015137,
    5.684388160705566,
    7.820464611053467,
    4.498231410980225,
    4.006944179534912,
    3.8478336334228516,
    6.811745643615723,
    5.984353065490723,
    5.187371730804443,
    3.9337306022644043,
    4.499667167663574,
    8.307290077209473,
    3.9332661628723145,
    6.155455589294434,
    5.301569938659668,
    4.759575843811035,
    5.1133599281311035,
    4.183253765106201,
    3.8202762603759766,
    3.3494174480438232,
    3.6527810096740723,
    4.908388137817383,
    4.44417667388916,
    5.833540916442871,
    7.356235504150391,
    4.801476955413818,
    6.4386749267578125,
    3.127758502960205,
    3.343153953552246,
    6.246591091156006,
    8.7592134475708
  ],