{
  "v_losses": [
    -1.4766199588775635,
    -207.75543212890625,
    -355.5793151855469,
    -123.35652923583984,
    -40.92068099975586,
    -3.8770782947540283,
    -3.8705899715423584,
    -1.719283103942871,
    -16.830982208251953,
    -5.212717056274414,
    -2.8595523834228516,
    -12.680009841918945,
    -6.1002326011657715,
    -2.4078540802001953,
    -2.48380446434021,
    -1.5681794881820679,
    -1.8930590152740479,
    -1.3731701374053955,
    -2.261237382888794,
    -3.2521533966064453,
    -5.343868255615234,
    -3.037677764892578,
    -1.50933039188385,
    -1.2516075372695923,
    -1.654469609260559,
    -1.752948522567749,
    -1.967037320137024,
    -1.7905349731445312,
    -1.7749218940734863,
    -1.9279606342315674,
    -1.929834008216858,
    -1.551125168800354,
    -1.8108922243118286,
    -1.7105313539505005,
    -1.5008283853530884,
    -1.5184842348098755,
    -1.9453065395355225,
    -1.5309609174728394,
    -1.7704647779464722,
    -1.5105096101760864,
    -1.4980534315109253,
    -1.720927357673645,
    -1.5871505737304688,
    -1.44950270652771,
    -1.8730435371398926,
    -1.873173713684082,
    -1.4290677309036255,
    -1.7465195655822754,
    -1.3756957054138184,
    -1.6495273113250732,
    -1.8972002267837524,
    -1.8081798553466797,
    -1.740767002105713,
    -1.5948765277862549,
    -1.7009598016738892,
    -1.427966594696045,
    -1.747883915901184,
    -1.4173452854156494,
    -1.3117681741714478,
    -1.5863103866577148,
    -1.6647542715072632,
    -1.502618432044983,
    -1.5638717412948608,
    -1.604949712753296,
    -1.722171664237976,
    -1.8577338457107544,
    -1.4048992395401,
    -1.7075093984603882,
    -1.4558806419372559,
    -1.2288787364959717,
    -1.422458291053772,
    -1.4280925989151,
    -1.3863224983215332,
    -1.4671450853347778,
    -1.507129192352295,
    -1.6984752416610718,
    -1.0568040609359741,
    -1.2283935546875,
    -1.3612430095672607,
    -1.3816865682601929,
    -1.2977375984191895,
    -1.4254072904586792,
    -1.7537410259246826,
    -1.3503752946853638,
    -1.596802830696106,
    -1.4154326915740967,
    -1.2579814195632935,
    -1.5046790838241577,
    -1.4966402053833008,
    -1.480824589729309,
    -1.7095974683761597,
    -1.7645164728164673,
    -1.210585117340088,
    -1.9437507390975952,
    -1.6905708312988281,
    -1.5996323823928833
  ],
  "flow_losses": [
    -1.4102973937988281,
    482.86822509765625,
    760.4949340820312,
    231.58294677734375,
    32.79879379272461,
    -3.1142547130584717,
    0.28318706154823303,
    1.7933439016342163,
    18.182567596435547,
    2.8274073600769043,
    5.486238479614258,
    14.393399238586426,
    4.361195087432861,
    0.5369568467140198,
    0.4499632716178894,
    -0.7651075720787048,
    -1.3097193241119385,
    -0.8367693424224854,
    1.4635826349258423,
    3.560638904571533,
    3.560436725616455,
    0.18387913703918457,
    -1.4494106769561768,
    -1.5414265394210815,
    -1.237351655960083,
    -1.5272213220596313,
    -1.2591876983642578,
    -0.7031983733177185,
    -1.241105318069458,
    -1.1161255836486816,
    -1.3487422466278076,
    -1.5351841449737549,
    -1.3142398595809937,
    -1.021192193031311,
    -1.5156714916229248,
    -1.4517430067062378,
    -1.1892107725143433,
    -1.7103545665740967,
    -1.8515411615371704,
    -1.4356131553649902,
    -1.6727925539016724,
    -1.2833000421524048,
    -1.2355448007583618,
    -1.7503560781478882,
    -1.7596070766448975,
    -1.7069731950759888,
    -1.4774473905563354,
    -1.4970709085464478,
    -1.4460759162902832,
    -1.3274102210998535,
    -1.4576523303985596,
    -1.3012681007385254,
    -1.4272780418395996,
    -1.8512213230133057,
    -1.2787624597549438,
    -1.3143562078475952,
    -1.4846502542495728,
    -1.8858816623687744,
    -1.3981149196624756,
    -1.5243088006973267,
    -1.6726289987564087,
    -1.7940330505371094,
    -1.6657276153564453,
    -1.4622879028320312,
    -1.6212427616119385,
    -1.365818738937378,
    -1.391025185585022,
    -1.7657791376113892,
    -1.330175757408142,
    -2.127781867980957,
    -1.88225519657135,
    -1.6764473915100098,
    -1.9853794574737549,
    -1.5081268548965454,
    -1.8802587985992432,
    -1.3919624090194702,
    -1.7700129747390747,
    -1.4992663860321045,
    -1.8626128435134888,
    -1.8460845947265625,
    -2.1460049152374268,
    -1.3551113605499268,
    -1.9316097497940063,
    -1.7476081848144531,
    -1.2892652750015259,
    -1.6816437244415283,
    -1.30684494972229,
    -1.5123794078826904,
    -1.5899114608764648,
    -1.615590214729309,
    -1.4912102222442627,
    -1.599382758140564,
    -1.5713008642196655,
    -1.3754180669784546,
    -1.8235620260238647,
    -1.720154047012329
  ],
  "v_grads": [
    4.639616966247559,
    6162.99169921875,
    1398.5252685546875,
    1496.48193359375,
    564.5862426757812,
    54.19607162475586,
    45.36525344848633,
    21.5607967376709,
    303.5050048828125,
    14.947278022766113,
    24.338979721069336,
    82.0800552368164,
    22.22692108154297,
    26.187908172607422,
    14.3101806640625,
    7.957523345947266,
    7.596118927001953,
    6.687816619873047,
    11.673007011413574,
    12.555368423461914,
    24.20016860961914,
    23.458742141723633,
    10.616159439086914,
    4.567101955413818,
    4.324191570281982,
    5.113544940948486,
    6.335805892944336,
    5.042233943939209,
    5.238484859466553,
    5.285959243774414,
    6.611695766448975,
    4.158620834350586,
    5.191736698150635,
    4.931710720062256,
    6.657591342926025,
    5.946205139160156,
    5.171873569488525,
    3.7788918018341064,
    4.945557594299316,
    4.543339729309082,
    3.7613813877105713,
    4.856179237365723,
    4.307842254638672,
    4.750402927398682,
    5.078155517578125,
    4.117376327514648,
    3.9902050495147705,
    4.343923091888428,
    5.091020584106445,
    3.127636194229126,
    5.088922023773193,
    4.004635810852051,
    4.534093379974365,
    4.509556293487549,
    4.269620895385742,
    4.708991527557373,
    3.2604103088378906,
    6.393078327178955,
    3.8189187049865723,
    4.850385665893555,
    3.8233821392059326,
    3.600933790206909,
    4.383869171142578,
    3.3995039463043213,
    4.572460651397705,
    4.36195707321167,
    5.464019298553467,
    4.070819854736328,
    3.3911967277526855,
    3.7500476837158203,
    5.654646396636963,
    4.29414176940918,
    4.568850517272949,
    4.015855312347412,
    4.439615726470947,
    5.8361639976501465,
    5.648640155792236,
    3.7606611251831055,
    5.002105236053467,
    3.7009775638580322,
    5.447531223297119,
    4.864119529724121,
    4.939067840576172,
    4.296473503112793,
    4.6251325607299805,
    5.39240026473999,
    4.511016368865967,
    2.9188225269317627,
    3.0230395793914795,
    4.500818729400635,
    4.660722732543945,
    3.637390375137329,
    4.004188537597656,
    4.884117603302002,
    4.178661346435547,
    3.7983274459838867
  ],