{
  "v_losses": [
    -1.5727862119674683,
    -1.2345855236053467,
    -1.1160356998443604,
    -1.3667441606521606,
    -1.553788423538208,
    -1.2969387769699097,
    -1.5972776412963867,
    -1.5277023315429688,
    -1.466493010520935,
    -1.7024247646331787,
    -1.3877537250518799,
    -1.7223440408706665,
    -1.4298875331878662,
    -1.7222392559051514,
    -1.756122350692749,
    -1.738551139831543,
    -2.0423407554626465,
    -1.6829158067703247,
    -1.7548260688781738,
    -1.2576097249984741,
    -1.8162477016448975,
    -1.5754024982452393,
    -1.5535049438476562,
    -1.9034266471862793,
    -1.739229679107666,
    -0.9459397196769714,
    -1.4316563606262207,
    -1.689378261566162,
    -1.798417091369629,
    -1.8719345331192017,
    -1.5702495574951172,
    -1.687531590461731,
    -1.3433336019515991,
    -1.4281952381134033,
    -1.893976092338562,
    -1.9497240781784058,
    -1.7615619897842407,
    -1.763979434967041,
    -1.4443652629852295,
    -1.7820757627487183,
    -1.5522284507751465,
    -1.221879482269287,
    -2.0707218647003174,
    -1.8140426874160767,
    -1.6516438722610474,
    -1.7167320251464844,
    -1.7919299602508545,
    -1.683246374130249,
    -1.3501265048980713,
    -1.5754567384719849,
    -1.8122353553771973,
    -1.4898828268051147,
    -1.9060112237930298,
    -1.4432529211044312,
    -1.9524610042572021,
    -1.2946852445602417,
    -1.7259670495986938,
    -1.5627596378326416,
    -1.4764999151229858,
    -2.013178586959839,
    -1.4044954776763916,
    -1.530757188796997,
    -1.6759999990463257,
    -1.4458351135253906,
    -1.969379186630249,
    -1.615178108215332,
    -1.5887906551361084,
    -1.8175150156021118,
    -1.5039708614349365,
    -2.1499805450439453,
    -1.5571155548095703,
    -2.1286978721618652,
    -1.9652791023254395,
    -1.4966740608215332,
    -1.3813010454177856,
    -1.6532282829284668
  ],
  "flow_losses": [
    -0.9677878022193909,
    -1.2547380924224854,
    -1.1345243453979492,
    -1.7027978897094727,
    -1.4188860654830933,
    -1.0974782705307007,
    -1.0006170272827148,
    -1.6745550632476807,
    -1.3185888528823853,
    -1.437589168548584,
    -1.388551115989685,
    -1.6406558752059937,
    -1.3385636806488037,
    -1.2701054811477661,
    -1.1584173440933228,
    -0.8753450512886047,
    -1.3303817510604858,
    -0.6117825508117676,
    -0.9853503108024597,
    -1.1890454292297363,
    -0.823769211769104,
    -0.8918165564537048,
    -0.8848739862442017,
    -1.2536821365356445,
    -1.3564326763153076,
    -0.9713441133499146,
    -1.1459953784942627,
    -1.41017484664917,
    -1.4039154052734375,
    -1.340585470199585,
    -1.078751564025879,
    -1.4742900133132935,
    -0.46749812364578247,
    -0.384015828371048,
    -1.6093132495880127,
    -1.2938487529754639,
    -1.1196954250335693,
    -1.4439892768859863,
    -1.4716218709945679,
    -1.002943754196167,
    -1.6330760717391968,
    -1.3289076089859009,
    -1.5711684226989746,
    -1.3886568546295166,
    -1.80374276638031,
    -1.458538293838501,
    -1.4900596141815186,
    -1.4733926057815552,
    -1.6415969133377075,
    -1.2898362874984741,
    -0.7395244240760803,
    -1.3257054090499878,
    -0.898328423500061,
    -1.2259541749954224,
    -0.9799749255180359,
    -1.5127625465393066,
    -1.3413211107254028,
    -1.017326831817627,
    -0.9501450061798096,
    -1.4157934188842773,
    -1.550613522529602,
    -1.8748890161514282,
    -1.7386704683303833,
    -1.2660136222839355,
    -1.8342176675796509,
    -1.5703680515289307,
    -1.4229090213775635,
    -1.7374640703201294,
    -1.36471688747406,
    -1.6162266731262207,
    -1.2251845598220825,
    -1.519568920135498,
    -1.492318868637085,
    -1.7405396699905396,
    -1.244505763053894,
    -1.4780027866363525
  ],
  "v_grads": [
    3.9025487899780273,
    3.909867525100708,
    3.7504332065582275,
    4.250962734222412,
    3.0228748321533203,
    4.785190105438232,
    3.7056009769439697,
    5.0389862060546875,
    4.123477935791016,
    4.344177722930908,
    3.8852226734161377,
    3.494547128677368,
    6.010880947113037,
    3.769362449645996,
    4.084186553955078,
    3.540060043334961,
    6.395511150360107,
    4.294551372528076,
    7.533581733703613,
    4.84984016418457,
    4.883640766143799,
    4.961945056915283,
    6.865665435791016,
    5.613970756530762,
    3.731525182723999,
    4.1030402183532715,
    8.31655216217041,
    5.84699010848999,
    3.757725954055786,
    6.448581695556641,
    7.142768859863281,
    5.381307125091553,
    4.275472164154053,
    8.506209373474121,
    3.5769965648651123,
    4.378025054931641,
    3.9674034118652344,
    7.693607330322266,
    4.626126766204834,
    5.9404520988464355,
    4.74342679977417,
    4.96341609954834,
    6.362324237823486,
    4.4429216384887695,
    5.584364414215088,
    3.6673338413238525,
    3.65673828125,
    3.3162155151367188,
    3.534299850463867,
    4.321140766143799,
    4.10950231552124,
    7.102717399597168,
    4.958007335662842,
    2.9072234630584717,
    3.494852304458618,
    3.024582624435425,
    3.593078851699829,
    5.358631134033203,
    6.469264507293701,
    3.9703407287597656,
    5.084619045257568,
    3.5125412940979004,
    4.013529300689697,
    3.1270594596862793,
    5.165563106536865,
    4.097889423370361,
    4.497364521026611,
    4.840211391448975,
    3.6680245399475098,
    4.602332592010498,
    4.063943386077881,
    4.101089000701904,
    4.349879741668701,
    4.657190322875977,
    4.35290002822876,
    3.6125597953796387
  ],
  "flow_grads": [
    2.9937453269958496,
    2.9051637649536133,
    2.2588441371917725,
    3.3468210697174072,
    4.078881740570068,
    4.383868217468262,
    4.429250240325928,
    4.533535957336426,
    5.286431312561035,
    4.860286712646484,
    3.2390248775482178,
    3.708028554916382,
    5.42971658706665,
    6.230111598968506,
    6.495936870574951,
    8.33503532409668,
    8.632335662841797,
    7.33099365234375,
    6.16562032699585,
    5.766247749328613,
    6.934120178222656,
    6.968688011169434,
    6.732819557189941,
    6.866583824157715,
    6.3192596435546875,
    6.273684978485107,
    6.9479451179504395,
    7.723906517028809,
    5.045787811279297,
    4.824620246887207,
    6.677761554718018,
    4.555607795715332,
    5.775232791900635,
    9.973203659057617,
    8.210464477539062,
    4.376454830169678,
    4.957310199737549,
    6.319576263427734,
    5.757680892944336,
    5.873924732208252,
    5.282723903656006,
    4.611364841461182,
    5.690009593963623,
    6.481470108032227,
    5.560031414031982,
    4.980490684509277,
    5.2859368324279785,
    6.607818126678467,
    6.915006637573242,
    6.486237049102783,
    5.635537147521973,
    5.931399822235107,
    5.60214900970459,
    5.587245464324951,
    5.336612224578857,
    5.269240379333496,
    6.26030969619751,
    8.55207347869873,
    6.571824073791504,
    6.442260265350342,
    4.615324974060059,
    4.8886919021606445,
    4.308987617492676,
    3.3389947414398193,
    5.56993293762207,
    3.8650057315826416,
    3.2111947536468506,
    3.6393866539001465,
    4.58209228515625,
    5.112026214599609,
    4.960542678833008,
    5.375100612640381,
    6.599614143371582,
    3.520845890045166,
    5.592687606811523,
    4.046730041503906
  ],
  "times": [],
  "logps_pflow": [],